{"cameraMode":{"drawMode":0,"name":"Shaded","section":"Shading Mode"},"sceneLighting":false,"audioPlay":false,"sceneViewState":{"showFog":false,"showMaterialUpdate":false,"showSkybox":false,"showFlares":false,"showImageEffects":false,"showParticleSystems":false,"showVisualEffectGraphs":true,"m_FxEnabled":true},"in2DMode":false,"pivot":{"x":0.000001430511474609375,"y":0.8942632675170898,"z":-0.01896706223487854},"rotation":{"x":-0.026787301525473596,"y":0.9038731455802918,"z":-0.057313550263643268,"w":-0.4229922294616699},"size":1.2957197427749634,"orthographic":false}