{"cameraMode":{"drawMode":0,"name":"Shaded","section":"Shading Mode"},"sceneLighting":false,"audioPlay":false,"sceneViewState":{"showFog":false,"showMaterialUpdate":false,"showSkybox":false,"showFlares":false,"showImageEffects":false,"showParticleSystems":false,"showVisualEffectGraphs":true,"m_FxEnabled":true},"in2DMode":false,"pivot":{"x":-0.000049114227294921875,"y":0.8936522006988525,"z":0.02567341923713684},"rotation":{"x":0.26149532198905947,"y":0.238686665892601,"z":-0.0668620690703392,"w":0.9327879548072815},"size":1.406716227531433,"orthographic":false}