{"cameraMode":{"drawMode":0,"name":"Shaded","section":"Shading Mode"},"sceneLighting":false,"audioPlay":false,"sceneViewState":{"showFog":false,"showMaterialUpdate":false,"showSkybox":false,"showFlares":false,"showImageEffects":false,"showParticleSystems":false,"showVisualEffectGraphs":true,"m_FxEnabled":true},"in2DMode":false,"pivot":{"x":0.28933003544807436,"y":1.0467742681503297,"z":1.4193027019500733},"rotation":{"x":0.05456191673874855,"y":-0.9041513204574585,"z":0.12173610180616379,"w":0.40572941303253176},"size":1.2957197427749634,"orthographic":false}