{"cameraMode":{"drawMode":0,"name":"Shaded","section":"Shading Mode"},"sceneLighting":true,"audioPlay":false,"sceneViewState":{"showFog":true,"showMaterialUpdate":false,"showSkybox":true,"showFlares":true,"showImageEffects":true,"showParticleSystems":true,"showVisualEffectGraphs":true,"m_FxEnabled":true},"in2DMode":false,"pivot":{"x":164.74752807617188,"y":145.07589721679688,"z":17.518667221069337},"rotation":{"x":-0.23645366728305818,"y":0.031014639884233476,"z":-0.007648719009011984,"w":-0.97122722864151},"size":81.39410400390625,"orthographic":false}