{"cameraMode":{"drawMode":0,"name":"Shaded","section":"Shading Mode"},"sceneLighting":true,"audioPlay":false,"sceneViewState":{"showFog":true,"showMaterialUpdate":false,"showSkybox":true,"showFlares":true,"showImageEffects":true,"showParticleSystems":true},"in2DMode":false,"pivot":{"x":-4376.548828125,"y":-4283.115234375,"z":3357.128662109375},"rotation":{"x":-0.2921745777130127,"y":0.444787859916687,"z":-0.15652602910995484,"w":-0.8321671485900879},"size":3496.19189453125,"orthographic":false}