{"cameraMode":{"drawMode":0,"name":"Shaded","section":"Shading Mode"},"sceneLighting":false,"audioPlay":false,"sceneViewState":{"showFog":true,"showMaterialUpdate":false,"showSkybox":false,"showFlares":true,"showImageEffects":true,"showParticleSystems":true},"in2DMode":false,"pivot":{"x":-7.673903942108154,"y":-9.03542709350586,"z":-7.711014270782471},"rotation":{"x":-0.16290216147899629,"y":0.7692301273345947,"z":-0.21706944704055787,"w":-0.5786457657814026},"size":22.62740707397461,"orthographic":false}