{"cameraMode":{"drawMode":0,"name":"Shaded","section":"Shading Mode"},"sceneLighting":true,"audioPlay":false,"sceneViewState":{"showFog":true,"showMaterialUpdate":false,"showSkybox":true,"showFlares":true,"showImageEffects":true,"showParticleSystems":true},"in2DMode":false,"pivot":{"x":1526.3095703125,"y":-4606.8056640625,"z":4822.6083984375},"rotation":{"x":-0.3741929233074188,"y":-0.12702400982379914,"z":0.051682524383068088,"w":-0.9172729849815369},"size":3496.19189453125,"orthographic":false}